series_animedb_id,Anime Title,Anime Type,Episode Count,Watched Episodes,My Start Date,My Finish Date,My Score,My Status,Tags
52034,"""Oshi no Ko""",TV,11,11,26-04-2023,28-06-2023,9,Completed,
55791,"""Oshi no Ko"" 2nd Season",TV,13,13,03-07-2024,06-10-2024,9,Completed,
60058,"""Oshi no Ko"" 3rd Season",TV,0,0,0000-00-00,0000-00-00,0,Plan to Watch,
40679,2.43: Seiin Koukou Danshi Volley-bu,TV,12,2,08-01-2021,0000-00-00,5,Dropped,Imagine using the same sfx as Star platinum's punches on volleyball spikes. Who tf does that? Inferior haikyuu.
53802,2.5-jigen no Ririsa,TV,24,14,13-07-2024,0000-00-00,0,Watching,
31646,3-gatsu no Lion,TV,22,22,0000-00-00,0000-00-00,9,Completed,
35180,3-gatsu no Lion 2nd Season,TV,22,22,0000-00-00,0000-00-00,10,Completed,#1
54757,3-nen Z-gumi Ginpachi-sensei,Unknown,0,0,0000-00-00,0000-00-00,0,Plan to Watch,
41457,86,TV,11,11,13-04-2021,25-06-2021,9,Completed,
48569,86 Part 2,TV,12,12,04-10-2021,20-03-2022,10,Completed,
49520,Aharen-san wa Hakarenai,TV,12,3,03-04-2022,0000-00-00,6,Dropped,"Wholesome != Boring, slow and bland. Take notes from Yuru Camp."
22199,Akame ga Kill!,TV,24,24,0000-00-00,0000-00-00,6,Completed,A decent anime that turned shit. You don't just kill all the main characters.
25013,Akatsuki no Yona,TV,24,24,0000-00-00,0000-00-00,6,Completed,
48553,Akebi-chan no Sailor-fuku,TV,12,12,10-01-2022,27-03-2022,8,Completed,
6547,Angel Beats!,TV,13,13,01-05-2020,04-05-2020,9,Completed,
9989,Ano Hi Mita Hana no Namae wo Bokutachi wa Mada Shiranai.,TV,11,11,14-10-2019,16-10-2019,7,Completed,
24833,Ansatsu Kyoushitsu,TV,22,22,0000-00-00,24-08-2019,8,Completed,
30654,Ansatsu Kyoushitsu 2nd Season,TV,25,25,0000-00-00,27-08-2019,9,Completed,
49052,Ao Ashi,TV,24,24,10-04-2022,24-09-2022,9,Completed,
57181,Ao no Hako,TV,25,0,0000-00-00,0000-00-00,0,Plan to Watch,
51614,Ao no Orchestra,TV,24,24,29-04-2023,09-10-2023,6,Completed,
56877,Ao no Orchestra 2nd Season,TV,0,0,0000-00-00,0000-00-00,0,Plan to Watch,
38753,Araburu Kisetsu no Otome-domo yo.,TV,12,12,08-09-2019,21-09-2019,4,Completed,This anime started out fun but quickly got uncomfortable to watch
37171,Asobi Asobase,TV,12,12,08-03-2022,11-03-2022,9,Completed,
37996,Asobi Asobase: Cosplay Taikai/Otona no Watashi e,OVA,1,1,15-03-2022,15-03-2022,9,Completed,
37525,Babylon,TV,12,3,10-10-2019,0000-00-00,5,Dropped,"At first you think its deep and complex, but it's not, its simply dumb"
2251,Baccano!,TV,13,13,0000-00-00,0000-00-00,8,Completed,
3901,Baccano! Specials,Special,3,3,0000-00-00,18-02-2020,8,Completed,
5081,Bakemonogatari,TV,15,15,0000-00-00,0000-00-00,8,Completed,
7674,Bakuman.,TV,25,0,0000-00-00,0000-00-00,0,Plan to Watch,
10030,Bakuman. 2nd Season,TV,25,0,0000-00-00,0000-00-00,0,Plan to Watch,
12365,Bakuman. 3rd Season,TV,25,0,0000-00-00,0000-00-00,0,Plan to Watch,
34636,Ballroom e Youkoso,TV,24,0,0000-00-00,0000-00-00,0,Plan to Watch,
22789,Barakamon,TV,12,12,0000-00-00,0000-00-00,8,Completed,
53407,Bartender: Kami no Glass,TV,12,12,06-04-2024,20-06-2024,8,Completed,
39195,Beastars,TV,12,12,20-11-2019,27-12-2019,8,Completed,
40935,Beastars 2nd Season,TV,12,12,12-01-2021,28-03-2021,9,Completed,
49469,Beastars Final Season,ONA,0,0,0000-00-00,0000-00-00,0,Plan to Watch,
57,Beck,TV,26,0,0000-00-00,0000-00-00,0,Plan to Watch,
9513,Beelzebub,TV,60,60,27-02-2020,12-03-2020,7,Completed,
34572,Black Clover,TV,170,170,09-02-2020,30-03-2021,6,Completed,"You have to sit through almost 60 episodes of deafening screaming, bad plot, horrible villians and awful animation to get to the good part which may honestly not be worth it for everyone and then rinse repeat."
48585,Black Clover: Mahou Tei no Ken,Movie,1,1,05-08-2023,05-08-2023,8,Completed,
34618,Blend S,TV,12,12,0000-00-00,21-08-2019,7,Completed,
50183,Blue Giant,Movie,1,0,0000-00-00,0000-00-00,0,Plan to Watch,
49596,Blue Lock,TV,24,24,10-10-2022,26-03-2023,9,Completed,
54865,Blue Lock vs. U-20 Japan,TV,14,1,06-10-2024,0000-00-00,0,Watching,
54866,Blue Lock: Episode Nagi,Movie,1,0,0000-00-00,0000-00-00,0,Plan to Watch,
46352,Blue Period,TV,12,12,12-10-2021,12-12-2021,8,Completed,
47917,Bocchi the Rock!,TV,12,12,10-10-2022,25-12-2022,10,Completed,
31043,Boku dake ga Inai Machi,TV,12,12,0000-00-00,0000-00-00,9,Completed,
31964,Boku no Hero Academia,TV,13,13,0000-00-00,0000-00-00,8,Completed,
33486,Boku no Hero Academia 2nd Season,TV,25,25,0000-00-00,0000-00-00,9,Completed,
36456,Boku no Hero Academia 3rd Season,TV,25,25,0000-00-00,0000-00-00,8,Completed,
38408,Boku no Hero Academia 4th Season,TV,25,25,12-10-2019,05-04-2020,7,Completed,Perhaps focusing too much on the emotional value has dropped the quality in story writing of the show
41587,Boku no Hero Academia 5th Season,TV,25,25,29-03-2021,25-09-2021,7,Completed,
49918,Boku no Hero Academia 6th Season,TV,25,25,02-10-2022,26-03-2023,9,Completed,
54789,Boku no Hero Academia 7th Season,TV,21,20,05-05-2024,0000-00-00,0,Watching,
36896,Boku no Hero Academia the Movie 1: Futari no Hero,Movie,1,1,16-04-2021,16-04-2021,8,Completed,
39565,Boku no Hero Academia the Movie 2: Heroes:Rising,Movie,1,1,16-04-2021,16-04-2021,8,Completed,
44200,Boku no Hero Academia the Movie 3: World Heroes' Mission,Movie,1,1,02-10-2022,02-10-2022,6,Completed,
52578,Boku no Kokoro no Yabai Yatsu,TV,12,12,03-04-2023,18-06-2023,8,Completed,
55690,Boku no Kokoro no Yabai Yatsu 2nd Season,TV,13,13,08-01-2024,01-04-2024,10,Completed,The most likeable characters of any anime I have seen yet.
40904,Bokutachi no Remake,TV,12,12,07-07-2021,25-09-2021,8,Completed,
31478,Bungou Stray Dogs,TV,12,12,0000-00-00,0000-00-00,7,Completed,
32867,Bungou Stray Dogs 2nd Season,TV,12,12,0000-00-00,0000-00-00,8,Completed,
38003,Bungou Stray Dogs 3rd Season,TV,12,12,0000-00-00,0000-00-00,8,Completed,
50330,Bungou Stray Dogs 4th Season,TV,13,13,05-01-2023,30-03-2023,9,Completed,
54898,Bungou Stray Dogs 5th Season,TV,11,11,13-07-2023,20-09-2023,9,Completed,
12293,Campione! Matsurowanu Kamigami to Kamigoroshi no Maou,TV,13,13,0000-00-00,0000-00-00,6,Completed,
10012,Carnival Phantasm,OVA,12,12,18-06-2020,20-06-2020,8,Completed,
37435,Carole & Tuesday,TV,24,24,0000-00-00,04-10-2019,6,Completed,"Episode releases were irregular after episode 8, Turned really shit after a while "
44511,Chainsaw Man,TV,12,12,12-10-2022,28-12-2022,8,Completed,
57555,Chainsaw Man Movie: Reze-hen,Movie,1,0,0000-00-00,0000-00-00,0,Plan to Watch,
52215,Chi.: Chikyuu no Undou ni Tsuite,TV,25,2,08-10-2024,0000-00-00,0,Watching,
10800,Chihayafuru,TV,25,25,30-12-2020,03-01-2021,8,Completed,
14397,Chihayafuru 2,TV,25,25,08-01-2021,16-01-2021,8,Completed,
37379,Chihayafuru 3,TV,24,24,17-01-2021,20-01-2021,9,Completed,
2167,Clannad,TV,23,0,0000-00-00,0000-00-00,0,Plan to Watch,
4181,Clannad: After Story,TV,24,0,0000-00-00,0000-00-00,0,Plan to Watch,
1,Cowboy Bebop,TV,26,26,22-01-2021,31-01-2021,9,Completed,
42310,Cyberpunk: Edgerunners,ONA,10,0,0000-00-00,0000-00-00,0,Plan to Watch,
48702,Dance Dance Danseur,TV,11,11,14-04-2022,18-06-2022,8,Completed,
57334,Dandadan,TV,12,1,05-10-2024,0000-00-00,0,Watching,
26349,Danna ga Nani wo Itteiru ka Wakaranai Ken,TV,13,13,19-08-2023,20-08-2023,8,Completed,
11843,Danshi Koukousei no Nichijou,TV,12,12,25-05-2020,30-05-2020,9,Completed,
35849,Darling in the FranXX,TV,24,24,0000-00-00,0000-00-00,7,Completed,
38656,Darwin's Game,TV,11,11,11-01-2020,21-03-2020,7,Completed,Another battle royale anime that could have been better.
51358,Dead Dead Demons Dededede Destruction,Movie,2,0,0000-00-00,0000-00-00,0,Plan to Watch,
58883,Dead Dead Demons Dededede Destruction (OVA),OVA,17,17,04-06-2024,20-09-2024,6,Completed,
48779,Deaimon,TV,12,12,14-04-2022,23-06-2022,8,Completed,
14353,Death Billiards,Movie,1,1,12-08-2023,12-08-2023,7,Completed,
1535,Death Note,TV,37,37,0000-00-00,0000-00-00,9,Completed,
28223,Death Parade,TV,12,12,07-08-2023,12-08-2023,8,Completed,
37520,Dororo,TV,24,24,0000-00-00,0000-00-00,7,Completed,
38691,Dr. Stone,TV,24,24,05-07-2019,13-12-2019,8,Completed,This one got much better overtime 
48549,Dr. Stone: New World,TV,11,11,07-04-2023,15-06-2023,9,Completed,
55644,Dr. Stone: New World Part 2,TV,11,11,13-10-2023,21-12-2023,9,Completed,
50612,Dr. Stone: Ryuusui,TV Special,1,1,07-04-2023,07-04-2023,7,Completed,
57592,Dr. Stone: Science Future,TV,0,0,0000-00-00,0000-00-00,0,Plan to Watch,
40852,Dr. Stone: Stone Wars,TV,11,11,15-01-2021,26-03-2021,8,Completed,
56894,Dragon Ball Daima,TV,0,0,0000-00-00,0000-00-00,0,Plan to Watch,
225,Dragon Ball GT,TV,64,64,0000-00-00,0000-00-00,8,Completed,
30694,Dragon Ball Super,TV,131,131,0000-00-00,0000-00-00,6,Completed,
36946,Dragon Ball Super: Broly,Movie,1,1,14-12-2022,14-12-2022,9,Completed,
48903,Dragon Ball Super: Super Hero,Movie,1,1,14-12-2022,14-12-2022,9,Completed,
813,Dragon Ball Z,TV,291,291,0000-00-00,0000-00-00,9,Completed,
31339,Drifters,TV,12,12,0000-00-00,0000-00-00,8,Completed,OVA released after every few years due to delay in manga(can't find outlandish knight)
52701,Dungeon Meshi,TV,24,24,05-01-2024,13-06-2024,10,Completed,
59068,Dungeon Meshi 2nd Season,TV,0,0,0000-00-00,0000-00-00,0,Plan to Watch,
28121,Dungeon ni Deai wo Motomeru no wa Machigatteiru Darou ka,TV,13,13,04-08-2019,05-08-2019,7,Completed,
37347,Dungeon ni Deai wo Motomeru no wa Machigatteiru Darou ka II,TV,12,12,0000-00-00,28-09-2019,7,Completed,
40454,Dungeon ni Deai wo Motomeru no wa Machigatteiru Darou ka III,TV,12,12,04-10-2020,19-12-2020,7,Completed,Eh? its not funny anymore....
47164,Dungeon ni Deai wo Motomeru no wa Machigatteiru Darou ka IV: Shin Shou - Meikyuu-hen,TV,11,11,21-07-2022,29-09-2022,8,Completed,
53111,Dungeon ni Deai wo Motomeru no wa Machigatteiru Darou ka IV: Shin Shou - Yakusai-hen,TV,11,11,06-01-2023,16-03-2023,8,Completed,
57066,Dungeon ni Deai wo Motomeru no wa Machigatteiru Darou ka V: Houjou no Megami-hen,TV,15,1,03-10-2024,0000-00-00,0,Watching,
41361,Eiga Daisuki Pompo-san,Movie,1,0,0000-00-00,0000-00-00,0,Plan to Watch,
53130,Eisen Flügel,Movie,1,0,0000-00-00,0000-00-00,0,Plan to Watch,
39792,Eizouken ni wa Te wo Dasu na!,TV,12,12,12-01-2020,23-03-2020,9,Completed,"While shirobako shows the more professional, exhausting and tense life style of a person working in the anime industry, eizouken shows the more fun side you experience making anime while still in school with all the stress still present(Japan only)"
37033,Emiya-san Chi no Kyou no Gohan,ONA,13,13,08-06-2020,09-06-2020,9,Completed,
38671,Enen no Shouboutai,TV,24,24,06-07-2019,29-12-2019,7,Completed,Episode 3 was delayed due to fire at kyoto animation first studio
40956,Enen no Shouboutai: Ni no Shou,TV,24,24,06-07-2020,13-12-2020,8,Completed,
51818,Enen no Shouboutai: San no Shou,TV,0,0,0000-00-00,0000-00-00,0,Plan to Watch,
59229,Enen no Shouboutai: San no Shou Part 2,TV,0,0,0000-00-00,0000-00-00,0,Plan to Watch,
34662,Fate/Apocrypha,TV,25,25,03-06-2020,07-06-2020,7,Completed,
44248,Fate/Grand Carnival,OVA,4,2,07-01-2021,0000-00-00,0,On-Hold,
38085,Fate/Grand Order: Shinsei Entaku Ryouiki Camelot 1 - Wandering; Agateram,Movie,1,1,07-06-2021,07-06-2021,7,Completed,
38086,Fate/Grand Order: Shinsei Entaku Ryouiki Camelot 2 - Paladin; Agateram,Movie,1,1,01-03-2022,01-03-2022,8,Completed,
41497,Fate/Grand Order: Shuukyoku Tokuiten - Kani Jikan Shinden Solomon,Movie,1,1,02-03-2022,02-03-2022,8,Completed,
38084,Fate/Grand Order: Zettai Majuu Sensen Babylonia,TV,21,21,14-06-2020,18-06-2020,9,Completed,
14829,Fate/kaleid liner Prisma?Illya,TV,10,10,23-04-2020,25-04-2020,6,Completed,
27525,Fate/kaleid liner Prisma?Illya 2wei Herz!,TV,10,10,18-05-2020,22-05-2020,6,Completed,
20509,Fate/kaleid liner Prisma?Illya 2wei!,TV,10,10,26-04-2020,29-04-2020,6,Completed,
31706,Fate/kaleid liner Prisma?Illya 3rei!!,TV,12,12,23-05-2020,27-05-2020,7,Completed,
34100,Fate/kaleid liner Prisma?Illya Movie: Sekka no Chikai,Movie,1,1,29-04-2021,29-04-2021,8,Completed,
356,Fate/stay night,TV,24,24,27-03-2020,01-04-2020,7,Completed,
25537,Fate/stay night Movie: Heaven's Feel - I. Presage Flower,Movie,1,1,29-10-2020,29-10-2020,8,Completed,
33049,Fate/stay night Movie: Heaven's Feel - II. Lost Butterfly,Movie,1,1,03-11-2020,03-11-2020,8,Completed,
33050,Fate/stay night Movie: Heaven's Feel - III. Spring Song,Movie,1,1,07-04-2021,07-04-2021,9,Completed,
22297,Fate/stay night: Unlimited Blade Works,TV,12,12,08-05-2020,09-05-2020,8,Completed,
28701,Fate/stay night: Unlimited Blade Works 2nd Season,TV,13,13,12-05-2020,15-05-2020,9,Completed,
55830,Fate/strange Fake,TV,0,0,0000-00-00,0000-00-00,0,Plan to Watch,
53127,Fate/strange Fake: Whispers of Dawn,TV Special,1,1,06-08-2023,06-08-2023,8,Completed,
10087,Fate/Zero,TV,13,13,14-04-2020,17-04-2020,9,Completed,
11741,Fate/Zero 2nd Season,TV,12,12,17-04-2020,18-04-2020,9,Completed,
9367,Freezing,TV,12,12,0000-00-00,0000-00-00,6,Completed,
18001,Freezing Vibration,TV,12,12,0000-00-00,0000-00-00,6,Completed,
38680,Fruits Basket 1st Season,TV,25,25,0000-00-00,22-09-2019,8,Completed,Another example of an anime that started out bland but eventually rose up
40417,Fruits Basket 2nd Season,TV,25,25,08-04-2020,23-09-2020,8,Completed,
49310,Fruits Basket: Prelude,Movie,1,1,05-08-2023,05-08-2023,8,Completed,
42938,Fruits Basket: The Final,TV,13,13,06-04-2021,29-06-2021,10,Completed,
41120,Fugou Keiji: Balance:Unlimited,TV,11,11,10-04-2020,26-09-2020,8,Completed,
5114,Fullmetal Alchemist: Brotherhood,TV,64,64,23-05-2022,17-07-2022,10,Completed,#7
6421,Fullmetal Alchemist: Brotherhood Specials,Special,4,4,21-07-2022,21-07-2022,8,Completed,
41025,Fumetsu no Anata e,TV,20,20,13-04-2021,01-09-2021,7,Completed,
49709,Fumetsu no Anata e Season 2,TV,20,20,23-10-2022,13-03-2023,7,Completed,
54703,Fumetsu no Anata e Season 3,TV,0,0,0000-00-00,0000-00-00,0,Plan to Watch,
57448,Fureru.,Movie,1,0,0000-00-00,0000-00-00,0,Plan to Watch,
33731,Gabriel DropOut,TV,12,12,0000-00-00,0000-00-00,7,Completed,
48760,"Gaikotsu Kishi-sama, Tadaima Isekai e Odekakechuu",TV,12,12,08-04-2022,23-06-2022,7,Completed,
52481,Gimai Seikatsu,TV,12,12,04-07-2024,20-09-2024,7,Completed,"""Look! My emotional baggage!"" the anime, ""Walk on eggshells around me"" the anime."
918,Gintama,TV,201,201,07-02-2021,02-01-2022,9,Completed,
7472,Gintama Movie 1: Shinyaku Benizakura-hen,Movie,1,1,16-11-2021,16-11-2021,9,Completed,
15335,Gintama Movie 2: Kanketsu-hen - Yorozuya yo Eien Nare,Movie,1,1,18-03-2022,18-03-2022,9,Completed,
9969,Gintama',TV,51,51,02-01-2022,27-02-2022,9,Completed,
15417,Gintama': Enchousen,TV,13,13,02-03-2022,08-03-2022,9,Completed,
34096,Gintama.,TV,12,12,18-04-2022,21-04-2022,9,Completed,
35843,Gintama.: Porori-hen,TV,13,13,25-04-2022,01-05-2022,8,Completed,
36838,Gintama.: Shirogane no Tamashii-hen,TV,12,12,01-05-2022,04-05-2022,8,Completed,
37491,Gintama.: Shirogane no Tamashii-hen - Kouhan-sen,TV,14,14,04-05-2022,08-05-2022,9,Completed,
39486,Gintama: The Final,Movie,1,1,09-05-2022,09-05-2022,10,Completed,
44087,Gintama: The Semi-Final,Special,2,2,08-05-2022,08-05-2022,8,Completed,
28977,Gintama°,TV,51,51,19-03-2022,15-04-2022,10,Completed,
32366,Gintama°: Aizome Kaori-hen,OVA,2,2,15-04-2022,16-04-2022,8,Completed,
37349,Goblin Slayer,TV,12,12,0000-00-00,0000-00-00,6,Completed,Am I going to watch the movie? Fuck no? Fuck no!
43692,Gokushufudou,ONA,5,1,08-04-2021,0000-00-00,4,Dropped,Congratulations J.C. Staff on hitting a new low on budget saving.
36028,Golden Kamuy,TV,12,0,0000-00-00,0000-00-00,0,Plan to Watch,
37989,Golden Kamuy 2nd Season,TV,12,0,0000-00-00,0000-00-00,0,Plan to Watch,
40059,Golden Kamuy 3rd Season,TV,12,0,0000-00-00,0000-00-00,0,Plan to Watch,Download
50528,Golden Kamuy 4th Season,TV,13,0,0000-00-00,0000-00-00,0,Plan to Watch,
55772,Golden Kamuy: Saishuushou,TV,0,0,0000-00-00,0000-00-00,0,Plan to Watch,
37105,Grand Blue,TV,12,12,0000-00-00,0000-00-00,8,Completed,Damnit gimme S2
59986,Grand Blue Season 2,TV,0,0,0000-00-00,0000-00-00,0,Plan to Watch,
40052,Great Pretender,TV,23,23,07-07-2020,08-10-2020,9,Completed,An original anime that's actually good.
57184,Great Pretender: Razbliuto,ONA,4,0,0000-00-00,0000-00-00,0,Plan to Watch,
245,Great Teacher Onizuka,TV,43,43,09-10-2020,21-10-2020,10,Completed,#3
16,Hachimitsu to Clover,TV,24,0,0000-00-00,0000-00-00,0,Plan to Watch,
1142,Hachimitsu to Clover II,TV,12,0,0000-00-00,0000-00-00,0,Plan to Watch,
20583,Haikyuu!!,TV,25,25,0000-00-00,0000-00-00,9,Completed,
32935,Haikyuu!! Karasuno Koukou vs. Shiratorizawa Gakuen Koukou,TV,10,10,0000-00-00,0000-00-00,10,Completed,
52742,Haikyuu!! Movie: Gomisuteba no Kessen,Movie,1,0,0000-00-00,0000-00-00,0,Plan to Watch,
28891,Haikyuu!! Second Season,TV,25,25,0000-00-00,0000-00-00,9,Completed,
38883,Haikyuu!! To the Top,TV,13,13,14-01-2020,06-04-2020,9,Completed,"This season has shifted focus from the high intensity matches to a more calmer vibe where characters spend more time understanding their own flaws and developing down on their strengths, Hinata receives far more focus than previous seasons"
40776,Haikyuu!! To the Top Part 2,TV,12,12,05-10-2020,19-12-2020,9,Completed,
21855,Hanamonogatari,TV Special,5,5,0000-00-00,0000-00-00,8,Completed,
15809,Hataraku Maou-sama!,TV,13,13,0000-00-00,0000-00-00,7,Completed,
48413,Hataraku Maou-sama!!,TV,12,12,19-07-2022,30-09-2022,6,Completed,
53200,Hataraku Maou-sama!! 2nd Season,TV,12,12,13-07-2023,28-09-2023,7,Completed,
49738,Heike Monogatari,TV,11,6,30-09-2021,0000-00-00,5,Dropped,What was even going on anymore? The story jumps from one plot to another like a damn grasshopper. Why does everyone look the same? Why does everyone's name sound the same? Is the presence of Biwa even relevant to the story? The most incoherent storytellin
777,Hellsing Ultimate,OVA,10,0,0000-00-00,0000-00-00,0,Plan to Watch,
27989,Hibike! Euphonium,TV,13,13,02-10-2023,09-10-2023,7,Completed,
31988,Hibike! Euphonium 2,TV,13,13,12-10-2023,20-10-2023,7,Completed,
39894,Hibike! Euphonium 3,TV,13,13,08-04-2024,01-07-2024,6,Completed,
35678,Hibike! Euphonium Movie 3: Chikai no Finale,Movie,1,1,15-11-2023,15-11-2023,6,Completed,
51995,Hibike! Euphonium: Ensemble Contest-hen,Movie,1,1,27-11-2023,27-11-2023,7,Completed,
31665,Hibike! Euphonium: Kakedasu Monaka,Special,1,1,09-10-2023,09-10-2023,7,Completed,
40938,Hige wo Soru. Soshite Joshikousei wo Hirou.,TV,13,6,06-04-2021,0000-00-00,4,Dropped,"Came for pure wholesome content, not for wholesome content involving a sex offender."
11617,High School DxD,TV,12,12,0000-00-00,0000-00-00,7,Completed,
24703,High School DxD BorN,TV,12,12,0000-00-00,0000-00-00,7,Completed,
34281,High School DxD Hero,TV,12,12,0000-00-00,0000-00-00,6,Completed,
15451,High School DxD New,TV,12,12,0000-00-00,0000-00-00,7,Completed,
8074,Highschool of the Dead,TV,12,12,0000-00-00,0000-00-00,8,Completed,
36296,Hinamatsuri,TV,12,12,0000-00-00,0000-00-00,9,Completed,"Super wholesome and just beautiful, no announcement of season 2 yet"
39468,Honzuki no Gekokujou: Shisho ni Naru Tame ni wa Shudan wo Erandeiraremasen,TV,14,14,17-01-2020,21-01-2020,8,Completed,
57466,Honzuki no Gekokujou: Shisho ni Naru Tame ni wa Shudan wo Erandeiraremasen - Ryoushu no Youjo,Unknown,0,0,0000-00-00,0000-00-00,0,Plan to Watch,
40815,Honzuki no Gekokujou: Shisho ni Naru Tame ni wa Shudan wo Erandeiraremasen 2nd Season,TV,12,12,06-04-2020,24-06-2020,8,Completed,
42429,Honzuki no Gekokujou: Shisho ni Naru Tame ni wa Shudan wo Erandeiraremasen 3rd Season,TV,10,10,13-04-2022,14-06-2022,7,Completed,
42897,Horimiya,TV,13,13,11-01-2021,04-04-2021,8,Completed,
54856,Horimiya: Piece,TV,13,13,01-07-2023,23-09-2023,9,Completed,
56425,Houkago Shounen Hanako-kun,TV,4,4,12-10-2023,03-11-2023,7,Completed,
39730,Houkago Teibou Nisshi,TV,12,12,08-04-2020,23-09-2020,7,Completed,
31338,Hundred,TV,12,12,0000-00-00,0000-00-00,6,Completed,
136,Hunter x Hunter,TV,62,0,0000-00-00,0000-00-00,0,Plan to Watch,
11061,Hunter x Hunter (2011),TV,148,148,0000-00-00,0000-00-00,10,Completed,#2
138,Hunter x Hunter: Greed Island,OVA,8,0,0000-00-00,0000-00-00,0,Plan to Watch,
139,Hunter x Hunter: Greed Island Final,OVA,14,0,0000-00-00,0000-00-00,0,Plan to Watch,
137,Hunter x Hunter: Original Video Animation,OVA,8,0,0000-00-00,0000-00-00,0,Plan to Watch,
12189,Hyouka,TV,22,22,04-04-2020,13-04-2020,9,Completed,
488,Ichigo Mashimaro,TV,12,0,0000-00-00,0000-00-00,0,Plan to Watch,
1316,Idaten Jump,TV,52,52,0000-00-00,0000-00-00,7,Completed,One of the few anime I watched on tv
42361,"Ijiranaide, Nagatoro-san",TV,12,12,13-04-2021,28-06-2021,7,Completed,
822,Initial D Extra Stage,OVA,2,2,27-08-2023,29-08-2023,8,Completed,
5228,Initial D Extra Stage 2,OVA,1,1,04-09-2023,04-09-2023,6,Completed,
15059,Initial D Fifth Stage,TV,14,14,04-09-2023,10-09-2023,9,Completed,
22507,Initial D Final Stage,TV,4,4,10-09-2023,10-09-2023,9,Completed,
185,Initial D First Stage,TV,26,26,20-08-2023,25-08-2023,10,Completed,
18,Initial D Fourth Stage,TV,24,24,30-08-2023,04-09-2023,9,Completed,
186,Initial D Second Stage,TV,13,13,26-08-2023,27-08-2023,9,Completed,
187,Initial D Third Stage,Movie,1,1,29-08-2023,29-08-2023,7,Completed,
49220,Isekai Ojisan,TV,13,13,09-07-2022,12-03-2023,8,Completed,
38472,Isekai Quartet,TV,12,12,15-03-2020,15-03-2020,7,Completed,
39988,Isekai Quartet 2,TV,12,12,18-03-2020,01-04-2020,8,Completed,
52367,Isekai Shikkaku,TV,12,12,09-07-2024,25-09-2024,7,Completed,
38790,Itai no wa Iya nanode Bougyoryoku ni Kyokufuri Shitai to Omoimasu.,TV,12,12,11-01-2020,26-03-2020,8,Completed,A light hearted version of rising of the shield hero
41514,Itai no wa Iya nanode Bougyoryoku ni Kyokufuri Shitai to Omoimasu. 2,TV,12,12,12-01-2023,28-04-2023,7,Completed,
40530,Jaku-Chara Tomozaki-kun,TV,12,12,09-01-2021,26-03-2021,6,Completed,
50803,Jaku-Chara Tomozaki-kun 2nd Stage,TV,13,13,05-01-2024,28-03-2024,5,Completed,
45604,Jaku-Chara Tomozaki-kun Specials,Special,2,2,0000-00-00,05-01-2023,6,Completed,
39534,Jibaku Shounen Hanako-kun,TV,12,12,12-01-2020,31-03-2020,8,Completed,Absolutely beautiful and stunning watercolor animation
53924,Jibaku Shounen Hanako-kun 2,TV,0,0,0000-00-00,0000-00-00,0,Plan to Watch,
46569,Jigokuraku,TV,13,13,02-04-2023,01-07-2023,7,Completed,
55825,Jigokuraku 2nd Season,TV,0,0,0000-00-00,0000-00-00,0,Plan to Watch,
14719,JoJo no Kimyou na Bouken (TV),TV,26,26,27-10-2019,03-11-2019,9,Completed,A fun fucking show
20899,JoJo no Kimyou na Bouken Part 3: Stardust Crusaders,TV,24,24,03-11-2019,09-11-2019,8,Completed,
26055,JoJo no Kimyou na Bouken Part 3: Stardust Crusaders 2nd Season,TV,24,24,10-11-2019,13-11-2019,9,Completed,
31933,JoJo no Kimyou na Bouken Part 4: Diamond wa Kudakenai,TV,39,39,14-11-2019,25-11-2019,10,Completed,#9
37991,JoJo no Kimyou na Bouken Part 5: Ougon no Kaze,TV,39,39,15-12-2019,11-01-2020,8,Completed,
48661,JoJo no Kimyou na Bouken Part 6: Stone Ocean,ONA,12,12,02-12-2021,04-12-2021,9,Completed,
51367,JoJo no Kimyou na Bouken Part 6: Stone Ocean Part 2,ONA,12,12,04-09-2022,14-09-2022,8,Completed,
53273,JoJo no Kimyou na Bouken Part 6: Stone Ocean Part 3,ONA,14,14,05-12-2022,05-12-2022,7,Completed,
12679,Joshiraku,TV,13,0,0000-00-00,0000-00-00,0,Plan to Watch,
40748,Jujutsu Kaisen,TV,24,24,04-10-2020,28-03-2021,10,Completed,
48561,Jujutsu Kaisen 0 Movie,Movie,1,1,30-06-2022,30-06-2022,9,Completed,
51009,Jujutsu Kaisen 2nd Season,TV,23,23,07-07-2023,29-12-2023,10,Completed,
57658,Jujutsu Kaisen: Shimetsu Kaiyuu,Unknown,0,0,0000-00-00,0000-00-00,0,Plan to Watch,
5680,K-On!,TV,13,13,16-03-2020,17-03-2020,8,Completed,
9617,K-On! Movie,Movie,1,1,16-04-2021,16-04-2021,9,Completed,
7791,K-On!!,TV,26,26,19-03-2020,21-03-2020,8,Completed,
48316,Kage no Jitsuryokusha ni Naritakute!,TV,20,20,05-10-2022,15-02-2023,9,Completed,
54595,Kage no Jitsuryokusha ni Naritakute! 2nd Season,TV,12,12,05-10-2023,20-12-2023,9,Completed,
57584,Kage no Jitsuryokusha ni Naritakute! Movie: Zankyou-hen,Movie,1,0,0000-00-00,0000-00-00,0,Plan to Watch,
52198,Kaguya-sama wa Kokurasetai: First Kiss wa Owaranai,Movie,1,1,16-06-2023,16-06-2023,9,Completed,
37999,Kaguya-sama wa Kokurasetai: Tensai-tachi no Renai Zunousen,TV,12,12,0000-00-00,0000-00-00,8,Completed,
43608,Kaguya-sama wa Kokurasetai: Ultra Romantic,TV,13,13,11-04-2022,27-06-2022,10,Completed,#5
40591,Kaguya-sama wa Kokurasetai? Tensai-tachi no Renai Zunousen,TV,12,12,13-04-2020,30-06-2020,9,Completed,
43609,Kaguya-sama wa Kokurasetai? Tensai-tachi no Renai Zunousen OVA,OVA,1,1,21-06-2021,21-06-2021,8,Completed,
52588,Kaijuu 8-gou,TV,12,12,14-04-2024,30-06-2024,0,Completed,
59177,Kaijuu 8-gou 2nd Season,TV,0,0,0000-00-00,0000-00-00,0,Plan to Watch,
59490,Kaijuu 8-gou: Hoshina no Kyuujitsu,Special,1,0,0000-00-00,0000-00-00,0,Plan to Watch,
40716,Kakushigoto,TV,12,12,04-04-2020,19-06-2020,8,Completed,
40221,Kami no Tou,TV,13,13,02-04-2020,25-06-2020,7,Completed,
52635,Kami no Tou: Ouji no Kikan,TV,13,3,09-07-2024,28-07-2024,3,Dropped,
41930,Kamisama ni Natta Hi,TV,12,12,13-10-2020,27-12-2020,5,Completed,"""......will be the most heartbreaking anime"" my ass. Disappointed considering this story was written by the same person who wrote Angel beats(I fucking cried for this)."
53879,Kamonohashi Ron no Kindan Suiri,TV,13,5,02-10-2023,0000-00-00,6,Dropped,Sherlock Holmes with a gimmick and none of the charm.
39198,Kanata no Astra,TV,12,12,27-11-2019,07-12-2019,7,Completed,
40839,"Kanojo, Okarishimasu",TV,12,12,11-07-2020,26-09-2020,7,Completed,
42963,"Kanojo, Okarishimasu 2nd Season",TV,12,3,05-07-2022,0000-00-00,5,Dropped,Even the fan service isn't worth it anymore. The most trash ass characters ever created.
35860,Karakai Jouzu no Takagi-san,TV,12,12,24-02-2020,06-03-2020,8,Completed,
38993,Karakai Jouzu no Takagi-san 2,TV,12,12,13-03-2020,14-03-2020,8,Completed,
49721,Karakai Jouzu no Takagi-san 3,TV,12,12,09-01-2022,26-03-2022,9,Completed,
49722,Karakai Jouzu no Takagi-san Movie,Movie,1,1,27-06-2023,27-06-2023,9,Completed,
57217,Katsute Mahou Shoujo to Aku wa Tekitai shiteita.,TV,12,0,0000-00-00,0000-00-00,0,Plan to Watch,
37965,Kaze ga Tsuyoku Fuiteiru,TV,23,23,04-08-2020,08-08-2020,9,Completed,
40908,Kemono Jihen,TV,12,12,11-01-2021,29-03-2021,7,Completed,
33,Kenpuu Denki Berserk,TV,25,0,0000-00-00,0000-00-00,0,Plan to Watch,
38000,Kimetsu no Yaiba,TV,26,26,18-05-2019,28-09-2019,9,Completed,Goddamn what beautiful animation!
59192,Kimetsu no Yaiba Movie: Mugen Jou-hen,Movie,3,0,0000-00-00,0000-00-00,0,Plan to Watch,
40456,Kimetsu no Yaiba Movie: Mugen Ressha-hen,Movie,1,1,19-06-2021,19-06-2021,10,Completed,
55701,Kimetsu no Yaiba: Hashira Geiko-hen,TV,8,8,21-05-2024,01-07-2024,0,Completed,
51019,Kimetsu no Yaiba: Katanakaji no Sato-hen,TV,11,11,11-04-2023,19-06-2023,9,Completed,
49926,Kimetsu no Yaiba: Mugen Ressha-hen,TV,7,7,11-10-2021,29-11-2021,9,Completed,
47778,Kimetsu no Yaiba: Yuukaku-hen,TV,11,11,07-12-2021,14-02-2022,10,Completed,
54714,Kimi no Koto ga Daidaidaidaidaisuki na 100-nin no Kanojo,TV,12,0,0000-00-00,0000-00-00,0,Plan to Watch,
57616,Kimi no Koto ga Daidaidaidaidaisuki na 100-nin no Kanojo 2nd Season,TV,0,0,0000-00-00,0000-00-00,0,Plan to Watch,
50796,Kimi wa Houkago Insomnia,TV,13,13,25-04-2023,04-07-2023,8,Completed,
12031,Kingdom,TV,38,38,27-06-2020,03-07-2020,8,Completed,
17389,Kingdom 2nd Season,TV,39,39,04-07-2020,15-07-2020,8,Completed,
40682,Kingdom 3rd Season,TV,26,26,16-07-2020,18-10-2021,10,Completed,An absolutely perfect fucking season.
50160,Kingdom 4th Season,TV,26,26,11-04-2022,02-10-2022,10,Completed,
53223,Kingdom 5th Season,TV,13,13,15-01-2024,31-03-2024,10,Completed,
486,Kino no Tabi: The Beautiful World,TV,13,0,0000-00-00,0000-00-00,0,Plan to Watch,
22535,Kiseijuu: Sei no Kakuritsu,TV,24,24,0000-00-00,0000-00-00,9,Completed,
33191,Kishibe Rohan wa Ugokanai,OVA,4,4,22-06-2020,22-06-2020,8,Completed,
9260,Kizumonogatari I: Tekketsu-hen,Movie,1,1,0000-00-00,0000-00-00,9,Completed,
31757,Kizumonogatari II: Nekketsu-hen,Movie,1,1,0000-00-00,0000-00-00,9,Completed,
31758,Kizumonogatari III: Reiketsu-hen,Movie,1,1,0000-00-00,0000-00-00,10,Completed,
33206,Kobayashi-san Chi no Maid Dragon,TV,13,13,0000-00-00,0000-00-00,8,Completed,"Director of the show died during the arson attack at KyoAni first studio, season 2 seems unlikely with the chances of change in the studio"
39247,Kobayashi-san Chi no Maid Dragon S,TV,12,12,10-07-2021,23-09-2021,9,Completed,
49893,Kobayashi-san Chi no Maid Dragon S: Nippon no Omotenashi - Attend wa Dragon desu,Special,1,1,13-04-2022,13-04-2022,9,Completed,
59897,Kobayashi-san Chi no Maid Dragon: Samishigariya no Ryuu,Movie,1,0,0000-00-00,0000-00-00,0,Plan to Watch,
48926,"Komi-san wa, Comyushou desu.",TV,12,12,18-10-2021,29-12-2021,6,Completed,
250,Konjiki no Gash Bell!!,TV,150,150,0000-00-00,0000-00-00,8,Completed,
38080,Kono Oto Tomare!,TV,13,0,0000-00-00,0000-00-00,0,Plan to Watch,
38889,Kono Oto Tomare! Part 2,TV,13,0,0000-00-00,0000-00-00,0,Plan to Watch,
51958,Kono Subarashii Sekai ni Bakuen wo!,TV,12,12,08-04-2023,22-06-2023,7,Completed,
30831,Kono Subarashii Sekai ni Shukufuku wo!,TV,10,10,0000-00-00,0000-00-00,9,Completed,
32937,Kono Subarashii Sekai ni Shukufuku wo! 2,TV,10,10,0000-00-00,0000-00-00,9,Completed,Author claims he has no plans for a season 3 as of yet. Probably one of the most hilarious anime of all time.
49458,Kono Subarashii Sekai ni Shukufuku wo! 3,TV,11,11,10-04-2024,20-06-2024,7,Completed,
59833,Kono Subarashii Sekai ni Shukufuku wo! 3 OVA,OVA,0,0,0000-00-00,0000-00-00,0,Plan to Watch,
38040,Kono Subarashii Sekai ni Shukufuku wo! Movie: Kurenai Densetsu,Movie,1,1,29-04-2021,29-04-2021,10,Completed,
467,Koukaku Kidoutai: Stand Alone Complex,TV,26,0,0000-00-00,0000-00-00,0,Plan to Watch,
801,Koukaku Kidoutai: Stand Alone Complex 2nd GIG,TV,26,0,0000-00-00,0000-00-00,0,Plan to Watch,
28623,Koutetsujou no Kabaneri,TV,12,12,0000-00-00,0000-00-00,7,Completed,
34544,Koutetsujou no Kabaneri Movie 3: Unato Kessen,Movie,1,1,29-04-2021,29-04-2021,8,Completed,
32268,Koyomimonogatari,ONA,12,12,0000-00-00,0000-00-00,7,Completed,The last 2 episodes are important to the monogatari storyline while the rest is trivial
51815,Kubo-san wa Mob wo Yurusanai,TV,12,12,11-01-2023,20-06-2023,8,Completed,
49776,Kumichou Musume to Sewagakari,TV,12,12,08-07-2022,23-09-2022,8,Completed,
37984,"Kumo desu ga, Nani ka?",TV,24,2,09-01-2021,0000-00-00,4,Dropped,"The most disappointing isekai so far. An ugly 3D spider protagonist that monologues in the most annoying way possible coupled with overacting just does not work, especially when you already have a cute blue colored isekai slime."
4898,Kuroshitsuji,TV,24,0,0000-00-00,0000-00-00,0,Plan to Watch,
6707,Kuroshitsuji II,TV,12,0,0000-00-00,0000-00-00,0,Plan to Watch,
31812,Kuroshitsuji Movie: Book of the Atlantic,Movie,1,0,0000-00-00,0000-00-00,0,Plan to Watch,
22145,Kuroshitsuji: Book of Circus,TV,10,0,0000-00-00,0000-00-00,0,Plan to Watch,
23317,Kuroshitsuji: Book of Murder,OVA,2,0,0000-00-00,0000-00-00,0,Plan to Watch,
55855,Kuroshitsuji: Kishuku Gakkou-hen,TV,11,0,0000-00-00,0000-00-00,0,Plan to Watch,
59228,Kuroshitsuji: Midori no Majo-hen,TV,0,0,0000-00-00,0000-00-00,0,Plan to Watch,
54492,Kusuriya no Hitorigoto,TV,24,24,25-10-2023,30-03-2024,10,Completed,
58514,Kusuriya no Hitorigoto 2nd Season,TV,0,0,0000-00-00,0000-00-00,0,Plan to Watch,
39017,Kyokou Suiri,TV,12,12,12-01-2020,31-03-2020,6,Completed,Conversations in this one are endless and at times mind numbing. It tries to be smart but just ends up being highly boring and shames the shounen genre.
18153,Kyoukai no Kanata,TV,12,12,27-04-2020,30-04-2020,8,Completed,
28675,Kyoukai no Kanata Movie 2: I'll Be Here - Mirai-hen,Movie,1,1,16-04-2021,16-04-2021,8,Completed,
35677,Liz to Aoi Tori,Movie,1,1,09-11-2023,09-11-2023,8,Completed,
38959,Lord El-Melloi II Sei no Jikenbo: Rail Zeppelin Grace Note,TV,13,13,09-06-2020,13-06-2020,7,Completed,
50709,Lycoris Recoil,TV,13,13,19-07-2022,25-09-2022,9,Completed,
54440,Lycoris Recoil (Shinsaku Animation),Unknown,0,0,0000-00-00,0000-00-00,0,Plan to Watch,
34599,Made in Abyss,TV,13,13,18-10-2019,20-10-2019,9,Completed,PAIN
36862,Made in Abyss Movie 3: Fukaki Tamashii no Reimei,Movie,1,1,09-01-2021,09-01-2021,9,Completed,MORE PAIN!
41084,Made in Abyss: Retsujitsu no Ougonkyou,TV,12,5,05-01-2023,0000-00-00,4,Dropped,A story about cruelty. Everything is fucking disgusting and everything cute and wholesome had to die disgustingly. The writer tried to turn his torture fetish into a story.
18115,Magi: The Kingdom of Magic,TV,25,25,0000-00-00,0000-00-00,8,Completed,
14513,Magi: The Labyrinth of Magic,TV,25,25,0000-00-00,0000-00-00,8,Completed,The first manga I completed 
9756,Mahou Shoujo Madoka?Magica,TV,12,12,23-06-2020,25-06-2020,9,Completed,
11981,Mahou Shoujo Madoka?Magica Movie 3: Hangyaku no Monogatari,Movie,1,1,29-04-2021,29-04-2021,9,Completed,
48820,Mahou Shoujo Madoka?Magica Movie 4: Walpurgis no Kaiten,Movie,1,0,0000-00-00,0000-00-00,0,Plan to Watch,
54722,Mahou Shoujo ni Akogarete,TV,13,13,31-01-2024,31-03-2024,9,Completed,
60046,Mahou Shoujo ni Akogarete 2nd Season,TV,0,0,0000-00-00,0000-00-00,0,Plan to Watch,
50668,Mahoutsukai no Yoru,Movie,1,0,0000-00-00,0000-00-00,0,Plan to Watch,
39196,Mairimashita! Iruma-kun,TV,23,23,06-10-2019,08-03-2020,7,Completed,
41402,Mairimashita! Iruma-kun 2nd Season,TV,21,21,21-04-2021,11-09-2021,8,Completed,
49784,Mairimashita! Iruma-kun 3rd Season,TV,21,21,08-10-2022,04-03-2023,8,Completed,
40571,Majo no Tabitabi,TV,12,12,04-10-2020,19-12-2020,8,Completed,
52816,Majo to Yajuu,TV,12,3,12-01-2024,0000-00-00,6,Dropped,
57524,Make Heroine ga Oosugiru!,TV,12,12,15-07-2024,30-09-2024,9,Completed,
49470,Mamahaha no Tsurego ga Motokano datta,TV,12,12,07-07-2022,22-09-2022,5,Completed,
48417,"Maou Gakuin no Futekigousha II: Shijou Saikyou no Maou no Shiso, Tensei shite Shison-tachi no Gakkou e Kayou",TV,12,4,08-01-2023,0000-00-00,5,Dropped,"Did you think I would watch you, just because you are watchable?"
40496,"Maou Gakuin no Futekigousha: Shijou Saikyou no Maou no Shiso, Tensei shite Shison-tachi no Gakkou e Kayou",TV,13,13,06-07-2020,27-09-2020,7,Completed,
33487,Masamune-kun no Revenge,TV,12,12,0000-00-00,0000-00-00,5,Completed,
52211,Mashle,TV,12,12,09-04-2023,01-07-2023,7,Completed,
58934,Mashle (Zoku-hen),Unknown,0,0,0000-00-00,0000-00-00,0,Plan to Watch,
55813,Mashle: Shinkakusha Kouho Senbatsu Shiken-hen,TV,12,12,07-01-2024,30-03-2024,7,Completed,
50392,Mato Seihei no Slave,TV,12,3,05-01-2024,0000-00-00,6,Dropped,
36563,Megalo Box,TV,13,0,0000-00-00,0000-00-00,0,Plan to Watch,
54794,Metallic Rouge,TV,13,4,11-01-2024,0000-00-00,6,Dropped,
50695,MF Ghost,TV,12,12,01-10-2023,18-12-2023,7,Completed,
57559,MF Ghost 2nd Season,TV,12,1,07-10-2024,0000-00-00,0,Watching,
48483,Mieruko-chan,TV,12,12,11-10-2021,19-12-2021,9,Completed,
20541,Mikakunin de Shinkoukei,TV,12,12,15-08-2023,19-08-2023,6,Completed,
10620,Mirai Nikki (TV),TV,26,11,0000-00-00,0000-00-00,6,Dropped,Too dark too dark
37208,Mo Dao Zu Shi,ONA,15,15,23-03-2020,24-03-2020,9,Completed,
40434,Mo Dao Zu Shi: Wanjie Pian,ONA,12,12,21-10-2021,28-10-2021,9,Completed,
38450,Mo Dao Zu Shi: Xian Yun Pian,ONA,8,8,24-03-2020,25-03-2020,9,Completed,
32182,Mob Psycho 100,TV,12,12,0000-00-00,0000-00-00,8,Completed,
37510,Mob Psycho 100 II,TV,13,13,0000-00-00,0000-00-00,10,Completed,#4
50172,Mob Psycho 100 III,TV,12,12,06-10-2022,22-12-2022,9,Completed,
57864,Monogatari Series: Off & Monster Season,ONA,0,0,0000-00-00,0000-00-00,0,Plan to Watch,
17074,Monogatari Series: Second Season,TV,26,26,0000-00-00,0000-00-00,9,Completed,
19,Monster,TV,74,74,11-11-2020,29-12-2020,8,Completed,
30307,Monster Musume no Iru Nichijou,TV,12,12,0000-00-00,0000-00-00,6,Completed,
38903,Moonrise,ONA,0,0,0000-00-00,0000-00-00,0,Plan to Watch,
39806,Mugen no Juunin: Immortal,ONA,24,24,11-10-2019,26-03-2020,6,Completed,Just as dark as mirrai nikki. Just a show I didn't want to quit watching given the number of episodes I had already watched and the hopes of it eventually becoming as good as it's manga
40483,Murenase! Seton Gakuen,TV,12,12,11-01-2020,24-03-2020,6,Completed,
457,Mushishi,TV,26,26,03-09-2019,08-09-2019,9,Completed,
21939,Mushishi Zoku Shou,TV,10,10,15-09-2019,19-09-2019,9,Completed,
24701,Mushishi Zoku Shou 2nd Season,TV,10,10,22-09-2019,25-09-2019,10,Completed,#10
51179,Mushoku Tensei II: Isekai Ittara Honki Dasu,TV,12,12,10-07-2023,24-09-2023,8,Completed,
55818,Mushoku Tensei II: Isekai Ittara Honki Dasu - Shugo Jutsushi Fitz,TV Special,1,1,03-07-2023,03-07-2023,8,Completed,
55888,Mushoku Tensei II: Isekai Ittara Honki Dasu Part 2,TV,12,12,08-04-2024,01-07-2024,0,Completed,
59193,Mushoku Tensei III: Isekai Ittara Honki Dasu,TV,0,0,0000-00-00,0000-00-00,0,Plan to Watch,
39535,Mushoku Tensei: Isekai Ittara Honki Dasu,TV,11,11,11-01-2021,22-03-2021,9,Completed,
50360,Mushoku Tensei: Isekai Ittara Honki Dasu - Eris no Goblin Toubatsu,Special,1,1,17-03-2022,17-03-2022,9,Completed,
45576,Mushoku Tensei: Isekai Ittara Honki Dasu Part 2,TV,12,12,04-10-2021,22-12-2021,10,Completed,#6
52092,My Home Hero,TV,12,3,03-04-2023,0000-00-00,5,Dropped,
16067,Nagi no Asu kara,TV,26,0,0000-00-00,0000-00-00,0,Plan to Watch,
23755,Nanatsu no Taizai,TV,24,24,0000-00-00,0000-00-00,8,Completed,
34577,Nanatsu no Taizai: Imashime no Fukkatsu,TV,24,24,0000-00-00,0000-00-00,7,Completed,
39701,Nanatsu no Taizai: Kamigami no Gekirin,TV,24,5,09-10-2019,0000-00-00,1,Dropped,Studio deen ruined the anime
31722,Nanatsu no Taizai: Seisen no Shirushi,TV,4,4,0000-00-00,0000-00-00,7,Completed,
4081,Natsume Yuujinchou,TV,13,0,0000-00-00,0000-00-00,0,Plan to Watch,
32983,Natsume Yuujinchou Go,TV,11,0,0000-00-00,0000-00-00,0,Plan to Watch,
36538,Natsume Yuujinchou Movie: Utsusemi ni Musubu,Movie,1,0,0000-00-00,0000-00-00,0,Plan to Watch,Download
34591,Natsume Yuujinchou Roku,TV,11,0,0000-00-00,0000-00-00,0,Plan to Watch,
10379,Natsume Yuujinchou San,TV,13,0,0000-00-00,0000-00-00,0,Plan to Watch,
11665,Natsume Yuujinchou Shi,TV,13,0,0000-00-00,0000-00-00,0,Plan to Watch,
55823,Natsume Yuujinchou Shichi,TV,12,0,0000-00-00,0000-00-00,0,Plan to Watch,
42894,Natsume Yuujinchou: Ishi Okoshi to Ayashiki Raihousha,Movie,1,0,0000-00-00,0000-00-00,0,Plan to Watch,
20651,Natsume Yuujinchou: Itsuka Yuki no Hi ni,OVA,1,0,0000-00-00,0000-00-00,0,Plan to Watch,
15689,Nekomonogatari: Kuro,TV Special,4,4,0000-00-00,0000-00-00,8,Completed,
19613,New Initial D Movie: Legend 1 - Kakusei,Movie,1,0,0000-00-00,0000-00-00,0,Plan to Watch,
28881,New Initial D Movie: Legend 2 - Tousou,Movie,1,0,0000-00-00,0000-00-00,0,Plan to Watch,
30952,New Initial D Movie: Legend 3 - Mugen,Movie,1,0,0000-00-00,0000-00-00,0,Plan to Watch,
1210,NHK ni Youkoso!,TV,24,14,17-09-2023,0000-00-00,5,Dropped,A plethora of unlikable characters.
10165,Nichijou,TV,26,26,0000-00-00,0000-00-00,8,Completed,
51105,NieR:Automata Ver1.1a,TV,12,12,08-01-2023,04-08-2023,8,Completed,
56063,NieR:Automata Ver1.1a Part 2,TV,12,12,16-07-2024,03-10-2024,7,Completed,
54724,Nige Jouzu no Wakagimi,TV,12,12,09-07-2024,30-09-2024,10,Completed,
60059,Nige Jouzu no Wakagimi 2nd Season,TV,0,0,0000-00-00,0000-00-00,0,Plan to Watch,
40515,Nihon Chinbotsu 2020,ONA,10,2,26-07-2020,0000-00-00,6,Dropped,Bad animation could be excused for good story. This has neither
56285,Ninja Kamui,TV,13,7,14-02-2024,0000-00-00,5,Dropped,
11597,Nisemonogatari,TV,11,11,0000-00-00,0000-00-00,8,Completed,
19815,No Game No Life,TV,12,12,0000-00-00,0000-00-00,8,Completed,"The origin of ""there's no sequel"" pain"
33674,No Game No Life: Zero,Movie,1,1,16-04-2021,16-04-2021,8,Completed,
39539,No Guns Life,TV,12,12,11-10-2019,28-12-2019,6,Completed,
40529,No Guns Life 2nd Season,TV,12,12,11-07-2020,25-09-2020,6,Completed,
1698,Nodame Cantabile,TV,23,0,0000-00-00,0000-00-00,0,Plan to Watch,
5690,Nodame Cantabile Finale,TV,11,0,0000-00-00,0000-00-00,0,Plan to Watch,
8190,Nodame Cantabile Finale OVA,OVA,1,0,0000-00-00,0000-00-00,0,Plan to Watch,
8038,Nodame Cantabile: Finale - Mine to Kiyora no Saikai,Special,1,0,0000-00-00,0000-00-00,0,Plan to Watch,
4477,Nodame Cantabile: Paris-hen,TV,11,0,0000-00-00,0000-00-00,0,Plan to Watch,
40729,Nomad: Megalo Box 2,TV,13,0,0000-00-00,0000-00-00,0,Plan to Watch,
17549,Non Non Biyori,TV,12,0,0000-00-00,0000-00-00,0,Plan to Watch,
36990,Non Non Biyori Movie: Vacation,Movie,1,0,0000-00-00,0000-00-00,0,Plan to Watch,
39808,Non Non Biyori Nonstop,TV,12,0,0000-00-00,0000-00-00,0,Plan to Watch,
23623,Non Non Biyori Repeat,TV,12,0,0000-00-00,0000-00-00,0,Plan to Watch,
20507,Noragami,TV,12,12,0000-00-00,0000-00-00,8,Completed,
30503,Noragami Aragoto,TV,13,13,0000-00-00,0000-00-00,8,Completed,Season 3 seems unlikely to happen 
46102,Odd Taxi,TV,13,0,0000-00-00,0000-00-00,0,Plan to Watch,
28819,Okusama ga Seitokaichou!,TV,12,12,0000-00-00,0000-00-00,6,Completed,
32603,Okusama ga Seitokaichou!+!,TV,12,12,0000-00-00,0000-00-00,6,Completed,
6324,Omamori Himari,TV,12,12,0000-00-00,0000-00-00,6,Completed,
30276,One Punch Man,TV,12,12,0000-00-00,0000-00-00,8,Completed,
34134,One Punch Man 2nd Season,TV,12,12,0000-00-00,0000-00-00,6,Completed,
51122,Ookami to Koushinryou: Merchant Meets the Wise Wolf,TV,25,14,09-04-2024,0000-00-00,0,Watching,
52299,Ore dake Level Up na Ken,TV,12,12,07-01-2024,31-03-2024,8,Completed,
58567,Ore dake Level Up na Ken Season 2: Arise from the Shadow,TV,0,0,0000-00-00,0000-00-00,0,Plan to Watch,
38483,Ore wo Suki nano wa Omae dake ka yo,TV,12,12,03-10-2019,26-12-2019,7,Completed,Great fucking concept and hilarious voice acting
40936,Ore wo Suki nano wa Omae dake ka yo: Oretachi no Game Set,OVA,1,1,16-04-2021,16-04-2021,7,Completed,
38555,Otome Game no Hametsu Flag shika Nai Akuyaku Reijou ni Tensei shiteshimatta...,TV,12,12,06-04-2020,24-06-2020,8,Completed,
42282,Otome Game no Hametsu Flag shika Nai Akuyaku Reijou ni Tensei shiteshimatta... X,TV,12,12,03-07-2021,18-09-2021,7,Completed,
49842,Otome Game no Hametsu Flag shika Nai Akuyaku Reijou ni Tensei shiteshimatta… Movie,Movie,1,0,0000-00-00,0000-00-00,0,Plan to Watch,
51705,Otonari ni Ginga,TV,12,5,16-04-2023,0000-00-00,5,Dropped,Soooooooo boring
50739,Otonari no Tenshi-sama ni Itsunomanika Dame Ningen ni Sareteita Ken,TV,12,12,10-01-2023,26-03-2023,8,Completed,
56876,Otonari no Tenshi-sama ni Itsunomanika Dame Ningen ni Sareteita Ken 2nd Season,TV,0,0,0000-00-00,0000-00-00,0,Plan to Watch,
40834,Ousama Ranking,TV,23,23,22-10-2021,25-03-2022,8,Completed,"The first half is a 9, the second half is a 7. So there you have it."
55744,Ousama Ranking Movie,Movie,1,0,0000-00-00,0000-00-00,0,Plan to Watch,
52657,Ousama Ranking: Yuuki no Takarabako,TV,10,10,26-04-2023,17-06-2023,7,Completed,
29803,Overlord,TV,13,13,0000-00-00,0000-00-00,7,Completed,
35073,Overlord II,TV,13,13,0000-00-00,0000-00-00,7,Completed,
37675,Overlord III,TV,13,13,0000-00-00,0000-00-00,7,Completed,
48895,Overlord IV,TV,13,13,06-07-2022,27-09-2022,9,Completed,
48896,Overlord Movie 3: Sei Oukoku-hen,Movie,1,0,0000-00-00,0000-00-00,0,Plan to Watch,
31181,Owarimonogatari,TV,12,12,0000-00-00,0000-00-00,9,Completed,
35247,Owarimonogatari 2nd Season,TV Special,7,7,0000-00-00,0000-00-00,10,Completed,
50380,Paripi Koumei,TV,12,12,09-04-2022,17-06-2022,10,Completed,
22135,Ping Pong the Animation,TV,11,11,27-10-2020,28-10-2020,9,Completed,Bad artstyle? Who gives a fuck?! This is fucking awesome.
329,Planetes,TV,26,0,0000-00-00,0000-00-00,0,Plan to Watch,
44961,Platinum End,TV,24,10,08-10-2021,0000-00-00,4,Dropped,"Don't mind me, just taking out this trash."
30240,Prison School,TV,12,12,0000-00-00,0000-00-00,8,Completed,
33926,Quanzhi Gaoshou,ONA,12,12,03-11-2020,05-11-2020,8,Completed,
37932,Quanzhi Gaoshou 2,ONA,12,12,06-11-2020,06-12-2020,8,Completed,
49559,Quanzhi Gaoshou 3,ONA,17,0,0000-00-00,0000-00-00,0,Plan to Watch,
51297,Ragna Crimson,TV,24,24,01-10-2023,30-03-2024,8,Completed,
6114,Rainbow: Nisha Rokubou no Shichinin,TV,26,26,27-07-2020,02-08-2020,9,Completed,A story of brotherhood finely presented.
48406,Re-Main,TV,12,12,06-07-2021,03-10-2021,7,Completed,
31240,Re:Zero kara Hajimeru Isekai Seikatsu,TV,25,25,0000-00-00,0000-00-00,8,Completed,
39587,Re:Zero kara Hajimeru Isekai Seikatsu 2nd Season,TV,13,13,10-07-2020,01-10-2020,8,Completed,
42203,Re:Zero kara Hajimeru Isekai Seikatsu 2nd Season Part 2,TV,12,12,07-01-2021,25-03-2021,9,Completed,
54857,Re:Zero kara Hajimeru Isekai Seikatsu 3rd Season,TV,16,1,04-10-2024,0000-00-00,0,Watching,
30015,ReLIFE,TV,13,13,02-02-2020,04-02-2020,8,Completed,
35466,ReLIFE: Kanketsu-hen,Special,4,4,05-02-2020,05-02-2020,8,Completed,
38992,Rikei ga Koi ni Ochita no de Shoumei shitemita.,TV,12,12,07-02-2020,14-03-2020,7,Completed,
43470,Rikei ga Koi ni Ochita no de Shoumei shitemita. Heart,TV,12,12,02-04-2022,18-06-2022,5,Completed,
52865,Romantic Killer,ONA,12,0,0000-00-00,0000-00-00,0,Plan to Watch,
50613,Rurouni Kenshin: Meiji Kenkaku Romantan (2023),TV,24,24,07-07-2023,15-12-2023,8,Completed,
57554,Rurouni Kenshin: Meiji Kenkaku Romantan - Kyoto Douran,TV,23,1,04-10-2024,0000-00-00,0,Watching,
51381,RWBY: Hyousetsu Teikoku,TV,12,8,05-07-2022,0000-00-00,5,Dropped,
50185,Ryman's Club,TV,12,4,01-02-2022,0000-00-00,5,Dropped,When the budget lasts only for the first episode.
54760,Ryza no Atelier: Tokoyami no Joou to Himitsu no Kakurega,TV,12,3,02-07-2023,0000-00-00,6,Dropped,Thicc Thighs The Animation but boring
48414,Sabikui Bisco,TV,12,12,12-01-2022,29-03-2022,7,Completed,
56008,Sabikui Bisco Season 2,TV,0,0,0000-00-00,0000-00-00,0,Plan to Watch,
48761,Saihate no Paladin,TV,12,12,11-10-2021,05-01-2022,5,Completed,
33255,Saiki Kusuo no ?-nan,TV,120,120,0000-00-00,0000-00-00,8,Completed,
34612,Saiki Kusuo no ?-nan 2,TV,24,24,0000-00-00,0000-00-00,8,Completed,
40542,Saiki Kusuo no ?-nan: ?-shidou-hen,ONA,6,6,22-01-2020,29-01-2020,8,Completed,
38249,Saiki Kusuo no ?-nan: Kanketsu-hen,TV Special,1,1,03-03-2020,03-03-2020,8,Completed,
12531,Sakamichi no Apollon,TV,12,0,0000-00-00,0000-00-00,0,Plan to Watch,
58939,Sakamoto Days,TV,0,0,0000-00-00,0000-00-00,0,Plan to Watch,
205,Samurai Champloo,TV,26,0,0000-00-00,0000-00-00,0,Plan to Watch,
54233,Sasayaku You ni Koi wo Utau,TV,12,2,16-04-2024,0000-00-00,6,Dropped,
2605,Sayonara Zetsubou Sensei,TV,12,0,0000-00-00,0000-00-00,0,Plan to Watch,
6500,Seikon no Qwaser,TV,24,4,0000-00-00,0000-00-00,4,Dropped,"An anime I started in the days I first learnt of the beautiful bubble called ecchi, and then quit when I realized that's all there is to it"
44203,Seirei Gensouki,TV,12,2,07-07-2021,0000-00-00,4,Dropped,"Meh. Meh what? Story, characters, animation, music and everything else."
37450,Seishun Buta Yarou wa Bunny Girl Senpai no Yume wo Minai,TV,13,13,0000-00-00,0000-00-00,8,Completed,
53129,Seishun Buta Yarou wa Odekake Sister no Yume wo Minai,Movie,1,0,0000-00-00,0000-00-00,0,Plan to Watch,
54870,Seishun Buta Yarou wa Randoseru Girl no Yume wo Minai,Movie,1,0,0000-00-00,0000-00-00,0,Plan to Watch,
38329,Seishun Buta Yarou wa Yumemiru Shoujo no Yume wo Minai,Movie,1,1,16-04-2021,16-04-2021,9,Completed,
57433,Seishun Buta Yarou: Santa Claus no Yume wo Minai,TV,0,0,0000-00-00,0000-00-00,0,Plan to Watch,
47790,"Sekai Saikou no Ansatsusha, Isekai Kizoku ni Tensei suru",TV,12,12,07-10-2021,23-12-2021,7,Completed,
58488,Sengoku Youko: Senma Konton-hen,TV,22,10,06-08-2024,0000-00-00,0,Watching,
56242,Sengoku Youko: Yonaoshi Kyoudai-hen,TV,13,13,11-01-2024,04-04-2024,7,Completed,
53770,Sentai Daishikkaku,TV,12,12,30-04-2024,01-07-2024,0,Completed,
59189,Sentai Daishikkaku 2nd Season,TV,0,0,0000-00-00,0000-00-00,0,Plan to Watch,
41456,"Sentouin, Hakenshimasu!",TV,12,12,05-04-2021,22-06-2021,7,Completed,
43439,Shadows House,TV,13,13,12-04-2021,05-07-2021,8,Completed,
49782,Shadows House 2nd Season,TV,12,12,10-07-2022,24-09-2022,8,Completed,
42205,Shaman King (2021),TV,52,52,04-04-2021,22-04-2022,6,Completed,
52347,"Shangri-La Frontier: Kusoge Hunter, Kamige ni Idoman to su",TV,25,25,01-10-2023,31-03-2024,8,Completed,
58572,"Shangri-La Frontier: Kusoge Hunter, Kamige ni Idoman to su 2nd Season",TV,0,0,0000-00-00,0000-00-00,0,Plan to Watch,
23273,Shigatsu wa Kimi no Uso,TV,22,22,0000-00-00,0000-00-00,9,Completed,
44074,Shiguang Dailiren,ONA,11,0,0000-00-00,0000-00-00,0,Plan to Watch,
56752,Shiguang Dailiren: Yingdu Pian,ONA,8,0,0000-00-00,0000-00-00,0,Plan to Watch,
58426,Shikanoko Nokonoko Koshitantan,TV,12,4,09-07-2024,29-07-2024,6,Dropped,
37396,Shikioriori,Movie,3,0,0000-00-00,0000-00-00,0,Plan to Watch,
44037,"Shin no Nakama ja Nai to Yuusha no Party wo Oidasareta node, Henkyou de Slow Life suru Koto ni Shimashita",TV,13,13,07-10-2021,30-12-2021,8,Completed,
53488,"Shin no Nakama ja Nai to Yuusha no Party wo Oidasareta node, Henkyou de Slow Life suru Koto ni Shimashita 2nd",TV,12,12,08-01-2024,24-03-2024,8,Completed,
38659,Shinchou Yuusha: Kono Yuusha ga Ore Tueee Kuse ni Shinchou Sugiru,TV,12,12,02-10-2019,28-12-2019,7,Completed,
16498,Shingeki no Kyojin,TV,25,25,0000-00-00,0000-00-00,9,Completed,
25777,Shingeki no Kyojin Season 2,TV,12,12,0000-00-00,0000-00-00,9,Completed,
35760,Shingeki no Kyojin Season 3,TV,12,12,0000-00-00,0000-00-00,9,Completed,
38524,Shingeki no Kyojin Season 3 Part 2,TV,10,10,29-04-2019,01-07-2019,10,Completed,
40028,Shingeki no Kyojin: The Final Season,TV,16,16,07-12-2020,30-03-2021,9,Completed,
23233,Shinmai Maou no Testament,TV,12,12,0000-00-00,0000-00-00,5,Completed,
30363,Shinmai Maou no Testament Burst,TV,10,10,0000-00-00,0000-00-00,5,Completed,
30,Shinseiki Evangelion,TV,26,0,0000-00-00,0000-00-00,0,Plan to Watch,
13125,Shinsekai yori,TV,25,25,30-09-2019,09-10-2019,7,Completed,"The only one that falls in the HORROR genre in the list other than the godawful future diary, Awful pacing, Good ending"
25835,Shirobako,TV,24,24,0000-00-00,0000-00-00,8,Completed,
28171,Shokugeki no Souma,TV,24,24,0000-00-00,0000-00-00,8,Completed,
40902,Shokugeki no Souma: Gou no Sara,TV,13,13,11-04-2020,26-09-2020,7,Completed,
32282,Shokugeki no Souma: Ni no Sara,TV,13,13,0000-00-00,0000-00-00,8,Completed,
35788,Shokugeki no Souma: San no Sara,TV,12,12,0000-00-00,0000-00-00,7,Completed,
36949,Shokugeki no Souma: San no Sara - Tootsuki Ressha-hen,TV,12,12,0000-00-00,0000-00-00,7,Completed,
39940,Shokugeki no Souma: Shin no Sara,TV,12,12,12-10-2019,28-12-2019,5,Completed,
35838,Shoujo Shuumatsu Ryokou,TV,12,12,22-04-2020,23-04-2020,9,Completed,The most underrated anime till date
28735,Shouwa Genroku Rakugo Shinjuu,TV,13,0,0000-00-00,0000-00-00,0,Plan to Watch,
33095,Shouwa Genroku Rakugo Shinjuu: Sukeroku Futatabi-hen,TV,12,0,0000-00-00,0000-00-00,0,Plan to Watch,
44942,Shuumatsu no Walküre,ONA,12,12,19-06-2021,04-07-2021,6,Completed,
42923,SK?,TV,12,12,14-01-2021,04-04-2021,8,Completed,
49363,SK? (OVA),OVA,1,0,0000-00-00,0000-00-00,0,Plan to Watch,
52750,SK? 2nd Season,TV,0,0,0000-00-00,0000-00-00,0,Plan to Watch,
50416,Skip to Loafer,TV,12,12,16-04-2023,21-06-2023,8,Completed,
40586,"Slime Taoshite 300-nen, Shiranai Uchi ni Level Max ni Nattemashita",TV,12,12,11-04-2021,28-06-2021,8,Completed,
50738,"Slime Taoshite 300-nen, Shiranai Uchi ni Level Max ni Nattemashita: Sono Ni",TV,0,0,0000-00-00,0000-00-00,0,Plan to Watch,
39575,Somali to Mori no Kamisama,TV,12,12,12-01-2020,27-03-2020,8,Completed,
48849,Sonny Boy,TV,12,12,16-07-2021,01-10-2021,6,Completed,Wannabe monogatari with an unsatisfying ending.
48736,Sono Bisque Doll wa Koi wo Suru,TV,12,12,09-01-2022,28-03-2022,10,Completed,
53065,Sono Bisque Doll wa Koi wo Suru (Zoku-hen),Unknown,0,0,0000-00-00,0000-00-00,0,Plan to Watch,
35839,Sora yori mo Tooi Basho,TV,13,13,02-10-2019,09-10-2019,9,Completed,"SUBARASHII!!!, another beautiful anime"
52991,Sousou no Frieren,TV,28,28,30-09-2023,22-03-2024,10,Completed,
59978,Sousou no Frieren 2nd Season,TV,0,0,0000-00-00,0000-00-00,0,Plan to Watch,
51252,Spy Kyoushitsu,TV,12,4,06-01-2023,0000-00-00,5,Dropped,Sigh. Meh.
50265,Spy x Family,TV,12,12,11-04-2022,26-06-2022,8,Completed,
50602,Spy x Family Part 2,TV,13,13,05-10-2022,25-12-2022,8,Completed,
53887,Spy x Family Season 2,TV,12,4,08-10-2023,0000-00-00,6,Dropped,"Yup, just as boring as the manga."
49357,Star Wars: Visions,ONA,9,9,25-01-2023,27-01-2023,7,Completed,
9253,Steins;Gate,TV,24,24,02-08-2022,19-08-2022,9,Completed,
30484,Steins;Gate 0,TV,23,23,01-11-2022,11-11-2022,9,Completed,
11577,Steins;Gate Movie: Fuka Ryouiki no Déjà vu,Movie,1,1,01-11-2022,01-11-2022,8,Completed,
32188,Steins;Gate: Kyoukaimenjou no Missing Link - Divide By Zero,TV Special,1,1,01-11-2022,01-11-2022,7,Completed,
10863,Steins;Gate: Oukoubakko no Poriomania,Special,1,1,31-10-2022,31-10-2022,9,Completed,
54234,Suki na Ko ga Megane wo Wasureta,TV,13,6,05-07-2023,0000-00-00,5,Dropped,"Fucking stupid. ""My glasses are at your place, it's like I am at your place, teehee"", STFU."
47194,Summertime Render,TV,25,25,18-04-2022,30-09-2022,10,Completed,
40685,Super Cub,TV,12,12,20-04-2021,26-06-2021,8,Completed,
7311,Suzumiya Haruhi no Shoushitsu,Movie,1,0,0000-00-00,0000-00-00,0,Plan to Watch,
849,Suzumiya Haruhi no Yuuutsu,TV,14,0,0000-00-00,0000-00-00,0,Plan to Watch,
4382,Suzumiya Haruhi no Yuuutsu (2009),TV,14,0,0000-00-00,0000-00-00,0,Plan to Watch,
48556,Takt Op. Destiny,TV,12,12,06-10-2021,22-12-2021,6,Completed,
46471,"Tantei wa Mou, Shindeiru.",TV,12,12,06-07-2021,19-09-2021,4,Completed,Why did you turn cringe? You were at 7.85! Where did the animation quality from the first episode go?! #Car.png
35790,Tate no Yuusha no Nariagari,TV,25,25,0000-00-00,0000-00-00,7,Completed,
40356,Tate no Yuusha no Nariagari Season 2,TV,13,4,07-04-2022,0000-00-00,4,Dropped,"Why is that green haired chick crying? Wait, who is she? Who is this old lady? Who is this pink haired lady? When did they learn martial arts? WHERE IS THE FUCKING CONTEXT?! WHY IS THE CG SO FUCKING TERRIBLE?!<Studio Deen Fate/Stay night CG dragon."
2001,Tengen Toppa Gurren Lagann,TV,27,27,0000-00-00,0000-00-00,6,Completed,
53393,Tengoku Daimakyou,TV,13,13,03-04-2023,26-06-2023,6,Completed,
52736,Tensei Oujo to Tensai Reijou no Mahou Kakumei,TV,12,12,13-01-2023,22-03-2023,6,Completed,
49891,Tensei shitara Ken deshita,TV,12,12,29-09-2022,14-12-2022,8,Completed,
53913,Tensei shitara Ken deshita 2,TV,0,0,0000-00-00,0000-00-00,0,Plan to Watch,
37430,Tensei shitara Slime Datta Ken,TV,24,24,0000-00-00,0000-00-00,8,Completed,
39551,Tensei shitara Slime Datta Ken 2nd Season,TV,12,12,13-01-2021,30-03-2021,7,Completed,
41487,Tensei shitara Slime Datta Ken 2nd Season Part 2,TV,12,12,10-07-2021,22-09-2021,8,Completed,
53580,Tensei shitara Slime Datta Ken 3rd Season,TV,24,4,05-04-2024,0000-00-00,0,Dropped,
49877,Tensei shitara Slime Datta Ken Movie: Guren no Kizuna-hen,Movie,1,1,28-06-2023,28-06-2023,5,Completed,
41488,Tensura Nikki: Tensei shitara Slime Datta Ken,TV,12,12,04-07-2021,13-07-2021,8,Completed,
41353,The God of High School,TV,13,13,08-07-2020,29-09-2020,7,Completed,
57557,The One Piece,ONA,0,0,0000-00-00,0000-00-00,0,Plan to Watch,
40730,Tian Guan Cifu,ONA,11,11,26-11-2020,02-01-2021,8,Completed,
50399,Tian Guan Cifu Er,ONA,12,0,0000-00-00,0000-00-00,0,Plan to Watch,
54744,Tokidoki Bosotto Russia-go de Dereru Tonari no Alya-san,TV,12,12,04-07-2024,18-09-2024,8,Completed,
59873,Tokidoki Bosotto Russia-go de Dereru Tonari no Alya-san Season 2,TV,0,0,0000-00-00,0000-00-00,0,Plan to Watch,
22319,Tokyo Ghoul,TV,12,12,0000-00-00,0000-00-00,7,Completed,
27899,Tokyo Ghoul ?A,TV,12,12,0000-00-00,0000-00-00,6,Completed,
36511,Tokyo Ghoul:re,TV,12,12,0000-00-00,0000-00-00,4,Completed,
37799,Tokyo Ghoul:re 2nd Season,TV,12,3,0000-00-00,0000-00-00,1,Dropped,A masterpiece of a manga ruined by another mediocre studio 
42249,Tokyo Revengers,TV,24,24,12-04-2021,19-09-2021,7,Completed,
50608,Tokyo Revengers: Seiya Kessen-hen,TV,13,13,10-01-2023,03-04-2023,6,Completed,
54918,Tokyo Revengers: Tenjiku-hen,TV,13,13,04-10-2023,27-12-2023,5,Completed,
52305,Tomo-chan wa Onnanoko!,TV,13,13,05-01-2023,30-03-2023,8,Completed,
14227,Tonari no Kaibutsu-kun,TV,13,13,24-08-2020,05-09-2020,8,Completed,
53446,Tondemo Skill de Isekai Hourou Meshi,TV,12,12,11-01-2023,29-03-2023,7,Completed,
57025,Tondemo Skill de Isekai Hourou Meshi 2nd Season,TV,0,0,0000-00-00,0000-00-00,0,Plan to Watch,
41389,Tonikaku Kawaii,TV,12,12,04-10-2020,19-12-2020,8,Completed,
50307,Tonikaku Kawaii 2nd Season,TV,12,12,08-04-2023,24-06-2023,7,Completed,
55651,Tonikaku Kawaii: Joshikou-hen,ONA,4,4,13-07-2023,24-08-2023,7,Completed,
51533,Tonikaku Kawaii: Seifuku,Special,1,1,08-04-2023,08-04-2023,8,Completed,
44931,Tonikaku Kawaii: SNS,OVA,1,1,02-09-2021,02-09-2021,8,Completed,
4224,Toradora!,TV,25,25,0000-00-00,0000-00-00,7,Completed,
57508,Trapezium,Movie,1,0,0000-00-00,0000-00-00,0,Plan to Watch,
6,Trigun,TV,26,0,0000-00-00,0000-00-00,0,Plan to Watch,
56662,Trillion Game,TV,26,1,05-10-2024,0000-00-00,0,Dropped,
58059,Tsue to Tsurugi no Wistoria,TV,12,12,08-07-2024,30-09-2024,8,Completed,
59983,Tsue to Tsurugi no Wistoria 2nd Season,TV,0,0,0000-00-00,0000-00-00,0,Plan to Watch,
43523,Tsuki ga Michibiku Isekai Douchuu,TV,12,12,08-08-2021,23-09-2021,9,Completed,
49889,Tsuki ga Michibiku Isekai Douchuu 2nd Season,TV,25,25,09-01-2024,25-06-2024,8,Completed,
59139,Tsuki ga Michibiku Isekai Douchuu 3rd Season,TV,0,0,0000-00-00,0000-00-00,0,Plan to Watch,
28025,Tsukimonogatari,TV Special,4,4,0000-00-00,0000-00-00,8,Completed,
43556,Tsurune Movie: Hajimari no Issha,Movie,1,0,0000-00-00,0000-00-00,0,Plan to Watch,
36653,Tsurune: Kazemai Koukou Kyuudou-bu,TV,13,0,0000-00-00,0000-00-00,0,Plan to Watch,
38921,Tsurune: Kazemai Koukou Kyuudou-bu - Yabai,Special,1,0,0000-00-00,0000-00-00,0,Plan to Watch,
52826,Tsurune: Tsunagari no Issha,TV,13,0,0000-00-00,0000-00-00,0,Plan to Watch,
38573,Tsuujou Kougeki ga Zentai Kougeki de Ni-kai Kougeki no Okaasan wa Suki desu ka?,TV,12,12,0000-00-00,28-09-2019,1,Completed,IDFK why I started this crap
39324,"Uchi no Ko no Tame naraba, Ore wa Moshikashitara Maou mo Taoseru kamo Shirenai.",TV,12,12,0000-00-00,20-09-2019,6,Completed,
12431,Uchuu Kyoudai,TV,99,0,0000-00-00,0000-00-00,0,Plan to Watch,
52741,Undead Unluck,TV,24,24,11-10-2023,23-03-2024,9,Completed,
40620,Uramichi Oniisan,TV,13,13,08-07-2021,28-09-2021,8,Completed,
50710,Urusei Yatsura (2022),TV,23,11,15-10-2022,0000-00-00,5,Dropped,Outdated humour
29854,Ushio to Tora (TV),TV,26,26,0000-00-00,0000-00-00,7,Completed,
31098,Ushio to Tora (TV) 2nd Season,TV,13,13,0000-00-00,0000-00-00,7,Completed,
41226,Uzaki-chan wa Asobitai!,TV,12,12,11-07-2020,26-09-2020,7,Completed,
40333,Uzumaki,TV,4,0,0000-00-00,0000-00-00,0,Plan to Watch,
39518,Vampire in the Garden,ONA,5,5,17-05-2022,19-05-2022,6,Completed,The second original music based wit studio anime. They used the same formula and somehow still managed to fuck it up. Desperately does everything it can to make you care about the characters even though they are barely tolerable.
48580,Vanitas no Karte,TV,12,12,03-07-2021,18-09-2021,9,Completed,
49114,Vanitas no Karte Part 2,TV,12,12,15-01-2022,02-04-2022,9,Completed,
37521,Vinland Saga,TV,24,24,08-07-2019,30-12-2019,10,Completed,"best anime ending song, one of the best finale ever."
49387,Vinland Saga Season 2,TV,24,24,10-01-2023,20-06-2023,10,Completed,
33352,Violet Evergarden,TV,13,13,0000-00-00,0000-00-00,9,Completed,
39741,Violet Evergarden Gaiden: Eien to Jidou Shuki Ningyou,Movie,1,1,04-01-2021,04-01-2021,9,Completed,
37987,Violet Evergarden Movie,Movie,1,1,17-03-2022,17-03-2022,10,Completed,#8
46095,Vivy: Fluorite Eye's Song,TV,13,13,04-04-2021,24-06-2021,9,Completed,
16742,Watashi ga Motenai no wa Dou Kangaetemo Omaera ga Warui!,TV,12,0,0000-00-00,0000-00-00,0,Plan to Watch,
20449,"Watashi ga Motenai no wa Dou Kangaetemo Omaera ga Warui!: Motenaishi, Nazomeite Miru",OVA,1,0,0000-00-00,0000-00-00,0,Plan to Watch,
53833,Watashi no Oshi wa Akuyaku Reijou.,TV,12,12,03-10-2023,19-12-2023,7,Completed,
54900,Wind Breaker,TV,13,13,06-04-2024,28-06-2024,0,Completed,
59160,Wind Breaker Season 2,TV,0,0,0000-00-00,0000-00-00,0,Plan to Watch,
43299,Wonder Egg Priority,TV,12,12,14-01-2021,31-03-2021,8,Completed,
48614,Wonder Egg Priority: Watashi no Priority,TV Special,1,1,24-10-2021,24-10-2021,3,Completed,Wtf even happened? What was that?
35968,Wotaku ni Koi wa Muzukashii,TV,11,11,0000-00-00,0000-00-00,8,Completed,
38349,Wotaku ni Koi wa Muzukashii OVA,OVA,3,3,17-11-2021,18-11-2021,8,Completed,
41094,Xian Wang de Richang Shenghuo,ONA,15,0,0000-00-00,0000-00-00,0,Plan to Watch,
44069,Xian Wang de Richang Shenghuo 2,ONA,12,0,0000-00-00,0000-00-00,0,Plan to Watch,
50404,Xian Wang de Richang Shenghuo 3,ONA,12,0,0000-00-00,0000-00-00,0,Plan to Watch,
37786,Yagate Kimi ni Naru,TV,13,0,0000-00-00,0000-00-00,0,Plan to Watch,
14813,Yahari Ore no Seishun Love Comedy wa Machigatteiru.,TV,13,13,0000-00-00,0000-00-00,7,Completed,An insult to the light novel
39547,Yahari Ore no Seishun Love Comedy wa Machigatteiru. Kan,TV,12,12,12-07-2020,27-09-2020,9,Completed,
46431,"Yahari Ore no Seishun Love Comedy wa Machigatteiru. Kan: Dakara, Shishunki wa Owarazu ni, Seishun wa Tsuzuiteiku.",OVA,1,1,17-05-2023,17-05-2023,8,Completed,
23847,Yahari Ore no Seishun Love Comedy wa Machigatteiru. Zoku,TV,13,13,0000-00-00,0000-00-00,8,Completed,
37779,Yakusoku no Neverland,TV,12,12,0000-00-00,0000-00-00,8,Completed,
39617,Yakusoku no Neverland 2nd Season,TV,11,11,07-01-2021,26-03-2021,2,Completed,
53126,Yamada-kun to Lv999 no Koi wo Suru,TV,13,13,03-04-2023,25-06-2023,9,Completed,
39710,Yesterday wo Utatte,TV,12,12,06-04-2020,21-06-2020,7,Completed,
50346,Yofukashi no Uta,TV,13,13,10-07-2022,30-09-2022,9,Completed,
58390,Yofukashi no Uta 2nd Season,TV,0,0,0000-00-00,0000-00-00,0,Plan to Watch,
54839,Yoru no Kurage wa Oyogenai,TV,12,11,13-04-2024,25-06-2024,6,Dropped,
32615,Youjo Senki,TV,12,12,0000-00-00,0000-00-00,9,Completed,
49233,Youjo Senki II,TV,0,0,0000-00-00,0000-00-00,0,Plan to Watch,
37055,Youjo Senki Movie,Movie,1,1,16-04-2021,16-04-2021,9,Completed,
34798,Yuru Camp?,TV,12,12,28-08-2019,30-08-2019,9,Completed,"One of the most wholesome anime I have watched, second only to Hinamatsuri."
38475,Yuru Camp? Movie,Movie,1,1,07-08-2023,07-08-2023,10,Completed,
38474,Yuru Camp? Season 2,TV,13,13,08-01-2021,03-04-2021,9,Completed,
53410,Yuru Camp? Season 3,TV,12,12,07-04-2024,24-06-2024,0,Completed,
392,Yuu?Yuu?Hakusho,TV,112,0,0000-00-00,0000-00-00,0,Plan to Watch,
40911,Yuukoku no Moriarty,TV,11,11,04-10-2020,21-12-2020,8,Completed,
43325,Yuukoku no Moriarty Part 2,TV,13,13,29-03-2021,28-06-2021,8,Completed,
6377,Zan Sayonara Zetsubou Sensei,TV,13,0,0000-00-00,0000-00-00,0,Plan to Watch,
23283,Zankyou no Terror,TV,11,11,0000-00-00,08-08-2019,7,Completed,
5300,Zoku Natsume Yuujinchou,TV,13,0,0000-00-00,0000-00-00,0,Plan to Watch,
36999,Zoku Owarimonogatari,TV,6,6,0000-00-00,09-09-2020,9,Completed,Finale to the Monogatari series 
3228,Zoku Sayonara Zetsubou Sensei,TV,13,0,0000-00-00,0000-00-00,0,Plan to Watch,
54112,Zom 100: Zombie ni Naru made ni Shitai 100 no Koto,TV,12,12,09-07-2023,28-12-2023,6,Completed,
37976,Zombieland Saga,TV,12,0,0000-00-00,0000-00-00,0,Plan to Watch,
50159,Zombieland Saga Movie,Movie,1,0,0000-00-00,0000-00-00,0,Plan to Watch,
40174,Zombieland Saga Revenge,TV,12,0,0000-00-00,0000-00-00,0,Plan to Watch,
